"filename", "language", "JSON", "Markdown", "JSON with Comments", "PostCSS", "TypeScript", "SCSS", "HTML", "JavaScript", "comment", "blank", "total"
"c:\ProyectoVehiculos\ProyectoReformasVehiculos\README.md", "Markdown", 0, 1, 0, 0, 0, 0, 0, 0, 0, 1, 2
"c:\ProyectoVehiculos\ProyectoReformasVehiculos\backend\arquitectos.json", "JSON", 14, 0, 0, 0, 0, 0, 0, 0, 0, 1, 15
"c:\ProyectoVehiculos\ProyectoReformasVehiculos\backend\index.js", "JavaScript", 0, 0, 0, 0, 0, 0, 0, 622, 41, 130, 793
"c:\ProyectoVehiculos\ProyectoReformasVehiculos\backend\ingenieros.json", "JSON", 23, 0, 0, 0, 0, 0, 0, 0, 0, 0, 23
"c:\ProyectoVehiculos\ProyectoReformasVehiculos\backend\memorias_tecnicas\memorias.json", "JSON", 60, 0, 0, 0, 0, 0, 0, 0, 0, 0, 60
"c:\ProyectoVehiculos\ProyectoReformasVehiculos\backend\package-lock.json", "JSON", 1161, 0, 0, 0, 0, 0, 0, 0, 0, 1, 1162
"c:\ProyectoVehiculos\ProyectoReformasVehiculos\backend\package.json", "JSON", 20, 0, 0, 0, 0, 0, 0, 0, 0, 1, 21
"c:\ProyectoVehiculos\ProyectoReformasVehiculos\backend\proyectos\03_2026\proyecto.json", "JSON", 616, 0, 0, 0, 0, 0, 0, 0, 0, 0, 616
"c:\ProyectoVehiculos\ProyectoReformasVehiculos\backend\proyectos\08_2026\proyecto.json", "JSON", 505, 0, 0, 0, 0, 0, 0, 0, 0, 0, 505
"c:\ProyectoVehiculos\ProyectoReformasVehiculos\backend\proyectos\10_2026\proyecto.json", "JSON", 472, 0, 0, 0, 0, 0, 0, 0, 0, 0, 472
"c:\ProyectoVehiculos\ProyectoReformasVehiculos\backend\proyectos\125_2025\proyecto.json", "JSON", 646, 0, 0, 0, 0, 0, 0, 0, 0, 0, 646
"c:\ProyectoVehiculos\ProyectoReformasVehiculos\backend\proyectos\126_2025\proyecto.json", "JSON", 467, 0, 0, 0, 0, 0, 0, 0, 0, 0, 467
"c:\ProyectoVehiculos\ProyectoReformasVehiculos\backend\proyectos\153_2026\proyecto.json", "JSON", 543, 0, 0, 0, 0, 0, 0, 0, 0, 0, 543
"c:\ProyectoVehiculos\ProyectoReformasVehiculos\backend\proyectos\154_2026\proyecto.json", "JSON", 492, 0, 0, 0, 0, 0, 0, 0, 0, 0, 492
"c:\ProyectoVehiculos\ProyectoReformasVehiculos\backend\proyectos\18_2025\proyecto.json", "JSON", 518, 0, 0, 0, 0, 0, 0, 0, 0, 0, 518
"c:\ProyectoVehiculos\ProyectoReformasVehiculos\backend\proyectos\19_2025\proyecto.json", "JSON", 427, 0, 0, 0, 0, 0, 0, 0, 0, 0, 427
"c:\ProyectoVehiculos\ProyectoReformasVehiculos\backend\proyectos\20_2025\proyecto.json", "JSON", 471, 0, 0, 0, 0, 0, 0, 0, 0, 1, 472
"c:\ProyectoVehiculos\ProyectoReformasVehiculos\backend\proyectos\2_2026\proyecto.json", "JSON", 484, 0, 0, 0, 0, 0, 0, 0, 0, 0, 484
"c:\ProyectoVehiculos\ProyectoReformasVehiculos\backend\proyectos\3_2026\proyecto.json", "JSON", 462, 0, 0, 0, 0, 0, 0, 0, 0, 0, 462
"c:\ProyectoVehiculos\ProyectoReformasVehiculos\backend\proyectos\42_2025\proyecto.json", "JSON", 425, 0, 0, 0, 0, 0, 0, 0, 0, 0, 425
"c:\ProyectoVehiculos\ProyectoReformasVehiculos\backend\proyectos\4_2026\proyecto.json", "JSON", 516, 0, 0, 0, 0, 0, 0, 0, 0, 0, 516
"c:\ProyectoVehiculos\ProyectoReformasVehiculos\backend\talleres.json", "JSON", 101, 0, 0, 0, 0, 0, 0, 0, 0, 0, 101
"c:\ProyectoVehiculos\ProyectoReformasVehiculos\backend\ultimoProyecto.json", "JSON", 4, 0, 0, 0, 0, 0, 0, 0, 0, 0, 4
"c:\ProyectoVehiculos\ProyectoReformasVehiculos\backend\usuarios.json", "JSON", 14, 0, 0, 0, 0, 0, 0, 0, 0, 0, 14
"c:\ProyectoVehiculos\ProyectoReformasVehiculos\backend\viviendas\viviendas.json", "JSON", 119, 0, 0, 0, 0, 0, 0, 0, 0, 0, 119
"c:\ProyectoVehiculos\ProyectoReformasVehiculos\package-lock.json", "JSON", 225, 0, 0, 0, 0, 0, 0, 0, 0, 1, 226
"c:\ProyectoVehiculos\ProyectoReformasVehiculos\package.json", "JSON", 9, 0, 0, 0, 0, 0, 0, 0, 0, 1, 10
"c:\ProyectoVehiculos\ProyectoReformasVehiculos\reformas-app\README.md", "Markdown", 0, 36, 0, 0, 0, 0, 0, 0, 0, 24, 60
"c:\ProyectoVehiculos\ProyectoReformasVehiculos\reformas-app\angular.json", "JSON", 291, 0, 0, 0, 0, 0, 0, 0, 0, 1, 292
"c:\ProyectoVehiculos\ProyectoReformasVehiculos\reformas-app\package-lock.json", "JSON", 16481, 0, 0, 0, 0, 0, 0, 0, 0, 1, 16482
"c:\ProyectoVehiculos\ProyectoReformasVehiculos\reformas-app\package.json", "JSON", 59, 0, 0, 0, 0, 0, 0, 0, 0, 1, 60
"c:\ProyectoVehiculos\ProyectoReformasVehiculos\reformas-app\projects\reformas-clientes\src\app\app.component.css", "PostCSS", 0, 0, 0, 0, 0, 0, 0, 0, 0, 1, 1
"c:\ProyectoVehiculos\ProyectoReformasVehiculos\reformas-app\projects\reformas-clientes\src\app\app.component.html", "HTML", 0, 0, 0, 0, 0, 0, 26, 0, 4, 6, 36
"c:\ProyectoVehiculos\ProyectoReformasVehiculos\reformas-app\projects\reformas-clientes\src\app\app.component.spec.ts", "TypeScript", 0, 0, 0, 0, 18, 0, 0, 0, 0, 6, 24
"c:\ProyectoVehiculos\ProyectoReformasVehiculos\reformas-app\projects\reformas-clientes\src\app\app.component.ts", "TypeScript", 0, 0, 0, 0, 9, 0, 0, 0, 0, 2, 11
"c:\ProyectoVehiculos\ProyectoReformasVehiculos\reformas-app\projects\reformas-clientes\src\app\app.config.ts", "TypeScript", 0, 0, 0, 0, 10, 0, 0, 0, 0, 3, 13
"c:\ProyectoVehiculos\ProyectoReformasVehiculos\reformas-app\projects\reformas-clientes\src\app\app.routes.ts", "TypeScript", 0, 0, 0, 0, 13, 0, 0, 0, 0, 2, 15
"c:\ProyectoVehiculos\ProyectoReformasVehiculos\reformas-app\projects\reformas-clientes\src\app\funciones\generarInformeProyecto.ts", "TypeScript", 0, 0, 0, 0, 965, 0, 0, 0, 11, 52, 1028
"c:\ProyectoVehiculos\ProyectoReformasVehiculos\reformas-app\projects\reformas-clientes\src\app\interfaces\modificacion.ts", "TypeScript", 0, 0, 0, 0, 611, 0, 0, 0, 0, 23, 634
"c:\ProyectoVehiculos\ProyectoReformasVehiculos\reformas-app\projects\reformas-clientes\src\app\pages\crear-reforma\crear-reforma.component.css", "PostCSS", 0, 0, 0, 0, 0, 0, 0, 0, 0, 1, 1
"c:\ProyectoVehiculos\ProyectoReformasVehiculos\reformas-app\projects\reformas-clientes\src\app\pages\crear-reforma\crear-reforma.component.html", "HTML", 0, 0, 0, 0, 0, 0, 119, 0, 5, 14, 138
"c:\ProyectoVehiculos\ProyectoReformasVehiculos\reformas-app\projects\reformas-clientes\src\app\pages\crear-reforma\crear-reforma.component.spec.ts", "TypeScript", 0, 0, 0, 0, 18, 0, 0, 0, 0, 6, 24
"c:\ProyectoVehiculos\ProyectoReformasVehiculos\reformas-app\projects\reformas-clientes\src\app\pages\crear-reforma\crear-reforma.component.ts", "TypeScript", 0, 0, 0, 0, 369, 0, 0, 0, 19, 56, 444
"c:\ProyectoVehiculos\ProyectoReformasVehiculos\reformas-app\projects\reformas-clientes\src\app\pages\finalizar-reforma\finalizar-reforma.component.css", "PostCSS", 0, 0, 0, 0, 0, 0, 0, 0, 0, 1, 1
"c:\ProyectoVehiculos\ProyectoReformasVehiculos\reformas-app\projects\reformas-clientes\src\app\pages\finalizar-reforma\finalizar-reforma.component.html", "HTML", 0, 0, 0, 0, 0, 0, 230, 0, 3, 18, 251
"c:\ProyectoVehiculos\ProyectoReformasVehiculos\reformas-app\projects\reformas-clientes\src\app\pages\finalizar-reforma\finalizar-reforma.component.spec.ts", "TypeScript", 0, 0, 0, 0, 18, 0, 0, 0, 0, 6, 24
"c:\ProyectoVehiculos\ProyectoReformasVehiculos\reformas-app\projects\reformas-clientes\src\app\pages\finalizar-reforma\finalizar-reforma.component.ts", "TypeScript", 0, 0, 0, 0, 156, 0, 0, 0, 12, 35, 203
"c:\ProyectoVehiculos\ProyectoReformasVehiculos\reformas-app\projects\reformas-clientes\src\app\pages\formulario-proyecto\formulario-proyecto.component.css", "PostCSS", 0, 0, 0, 0, 0, 0, 0, 0, 0, 1, 1
"c:\ProyectoVehiculos\ProyectoReformasVehiculos\reformas-app\projects\reformas-clientes\src\app\pages\formulario-proyecto\formulario-proyecto.component.html", "HTML", 0, 0, 0, 0, 0, 0, 300, 0, 0, 20, 320
"c:\ProyectoVehiculos\ProyectoReformasVehiculos\reformas-app\projects\reformas-clientes\src\app\pages\formulario-proyecto\formulario-proyecto.component.spec.ts", "TypeScript", 0, 0, 0, 0, 18, 0, 0, 0, 0, 6, 24
"c:\ProyectoVehiculos\ProyectoReformasVehiculos\reformas-app\projects\reformas-clientes\src\app\pages\formulario-proyecto\formulario-proyecto.component.ts", "TypeScript", 0, 0, 0, 0, 257, 0, 0, 0, 7, 25, 289
"c:\ProyectoVehiculos\ProyectoReformasVehiculos\reformas-app\projects\reformas-clientes\src\app\pages\imagenes\imagenes.component.css", "PostCSS", 0, 0, 0, 27, 0, 0, 0, 0, 4, 4, 35
"c:\ProyectoVehiculos\ProyectoReformasVehiculos\reformas-app\projects\reformas-clientes\src\app\pages\imagenes\imagenes.component.html", "HTML", 0, 0, 0, 0, 0, 0, 744, 0, 0, 51, 795
"c:\ProyectoVehiculos\ProyectoReformasVehiculos\reformas-app\projects\reformas-clientes\src\app\pages\imagenes\imagenes.component.spec.ts", "TypeScript", 0, 0, 0, 0, 18, 0, 0, 0, 0, 6, 24
"c:\ProyectoVehiculos\ProyectoReformasVehiculos\reformas-app\projects\reformas-clientes\src\app\pages\imagenes\imagenes.component.ts", "TypeScript", 0, 0, 0, 0, 2375, 0, 0, 0, 64, 144, 2583
"c:\ProyectoVehiculos\ProyectoReformasVehiculos\reformas-app\projects\reformas-clientes\src\app\pages\resumen-modificaciones\resumen-modificaciones.component.css", "PostCSS", 0, 0, 0, 43, 0, 0, 0, 0, 3, 7, 53
"c:\ProyectoVehiculos\ProyectoReformasVehiculos\reformas-app\projects\reformas-clientes\src\app\pages\resumen-modificaciones\resumen-modificaciones.component.html", "HTML", 0, 0, 0, 0, 0, 0, 7392, 0, 80, 359, 7831
"c:\ProyectoVehiculos\ProyectoReformasVehiculos\reformas-app\projects\reformas-clientes\src\app\pages\resumen-modificaciones\resumen-modificaciones.component.spec.ts", "TypeScript", 0, 0, 0, 0, 18, 0, 0, 0, 0, 6, 24
"c:\ProyectoVehiculos\ProyectoReformasVehiculos\reformas-app\projects\reformas-clientes\src\app\pages\resumen-modificaciones\resumen-modificaciones.component.ts", "TypeScript", 0, 0, 0, 0, 692, 0, 0, 0, 24, 96, 812
"c:\ProyectoVehiculos\ProyectoReformasVehiculos\reformas-app\projects\reformas-clientes\src\app\pages\tipo-vehiculo\tipo-vehiculo.component.css", "PostCSS", 0, 0, 0, 0, 0, 0, 0, 0, 0, 1, 1
"c:\ProyectoVehiculos\ProyectoReformasVehiculos\reformas-app\projects\reformas-clientes\src\app\pages\tipo-vehiculo\tipo-vehiculo.component.html", "HTML", 0, 0, 0, 0, 0, 0, 1067, 0, 32, 52, 1151
"c:\ProyectoVehiculos\ProyectoReformasVehiculos\reformas-app\projects\reformas-clientes\src\app\pages\tipo-vehiculo\tipo-vehiculo.component.spec.ts", "TypeScript", 0, 0, 0, 0, 18, 0, 0, 0, 0, 6, 24
"c:\ProyectoVehiculos\ProyectoReformasVehiculos\reformas-app\projects\reformas-clientes\src\app\pages\tipo-vehiculo\tipo-vehiculo.component.ts", "TypeScript", 0, 0, 0, 0, 1275, 0, 0, 0, 9, 110, 1394
"c:\ProyectoVehiculos\ProyectoReformasVehiculos\reformas-app\projects\reformas-clientes\src\app\services\datos-reforma.service.spec.ts", "TypeScript", 0, 0, 0, 0, 12, 0, 0, 0, 0, 5, 17
"c:\ProyectoVehiculos\ProyectoReformasVehiculos\reformas-app\projects\reformas-clientes\src\app\services\datos-reforma.service.ts", "TypeScript", 0, 0, 0, 0, 14, 0, 0, 0, 0, 5, 19
"c:\ProyectoVehiculos\ProyectoReformasVehiculos\reformas-app\projects\reformas-clientes\src\app\services\reformas.service.spec.ts", "TypeScript", 0, 0, 0, 0, 12, 0, 0, 0, 0, 5, 17
"c:\ProyectoVehiculos\ProyectoReformasVehiculos\reformas-app\projects\reformas-clientes\src\app\services\reformas.service.ts", "TypeScript", 0, 0, 0, 0, 7, 0, 0, 0, 0, 3, 10
"c:\ProyectoVehiculos\ProyectoReformasVehiculos\reformas-app\projects\reformas-clientes\src\assets\codigos_reforma_vehiculo.json", "JSON", 398, 0, 0, 0, 0, 0, 0, 0, 0, 9, 407
"c:\ProyectoVehiculos\ProyectoReformasVehiculos\reformas-app\projects\reformas-clientes\src\assets\ingeniero.json", "JSON", 20, 0, 0, 0, 0, 0, 0, 0, 0, 1, 21
"c:\ProyectoVehiculos\ProyectoReformasVehiculos\reformas-app\projects\reformas-clientes\src\assets\opciones_reforma_vehiculos.json", "JSON", 46, 0, 0, 0, 0, 0, 0, 0, 0, 1, 47
"c:\ProyectoVehiculos\ProyectoReformasVehiculos\reformas-app\projects\reformas-clientes\src\index.html", "HTML", 0, 0, 0, 0, 0, 0, 13, 0, 0, 1, 14
"c:\ProyectoVehiculos\ProyectoReformasVehiculos\reformas-app\projects\reformas-clientes\src\main.ts", "TypeScript", 0, 0, 0, 0, 6, 0, 0, 0, 0, 2, 8
"c:\ProyectoVehiculos\ProyectoReformasVehiculos\reformas-app\projects\reformas-clientes\src\styles.css", "PostCSS", 0, 0, 0, 0, 0, 0, 0, 0, 1, 1, 2
"c:\ProyectoVehiculos\ProyectoReformasVehiculos\reformas-app\projects\reformas-clientes\tsconfig.app.json", "JSON", 14, 0, 0, 0, 0, 0, 0, 0, 2, 1, 17
"c:\ProyectoVehiculos\ProyectoReformasVehiculos\reformas-app\projects\reformas-clientes\tsconfig.spec.json", "JSON", 13, 0, 0, 0, 0, 0, 0, 0, 2, 1, 16
"c:\ProyectoVehiculos\ProyectoReformasVehiculos\reformas-app\projects\reformas-test\src\app\Funciones\buildModificacionesParagraphs.ts", "TypeScript", 0, 0, 0, 0, 2076, 0, 0, 0, 237, 301, 2614
"c:\ProyectoVehiculos\ProyectoReformasVehiculos\reformas-app\projects\reformas-test\src\app\Funciones\calculos.ts", "TypeScript", 0, 0, 0, 0, 4975, 0, 0, 0, 166, 273, 5414
"c:\ProyectoVehiculos\ProyectoReformasVehiculos\reformas-app\projects\reformas-test\src\app\app.component.css", "PostCSS", 0, 0, 0, 0, 0, 0, 0, 0, 0, 1, 1
"c:\ProyectoVehiculos\ProyectoReformasVehiculos\reformas-app\projects\reformas-test\src\app\app.component.html", "HTML", 0, 0, 0, 0, 0, 0, 51, 0, 5, 7, 63
"c:\ProyectoVehiculos\ProyectoReformasVehiculos\reformas-app\projects\reformas-test\src\app\app.component.scss", "SCSS", 0, 0, 0, 0, 0, 0, 0, 0, 0, 1, 1
"c:\ProyectoVehiculos\ProyectoReformasVehiculos\reformas-app\projects\reformas-test\src\app\app.component.spec.ts", "TypeScript", 0, 0, 0, 0, 25, 0, 0, 0, 0, 5, 30
"c:\ProyectoVehiculos\ProyectoReformasVehiculos\reformas-app\projects\reformas-test\src\app\app.component.ts", "TypeScript", 0, 0, 0, 0, 11, 0, 0, 0, 0, 3, 14
"c:\ProyectoVehiculos\ProyectoReformasVehiculos\reformas-app\projects\reformas-test\src\app\app.config.ts", "TypeScript", 0, 0, 0, 0, 11, 0, 0, 0, 0, 3, 14
"c:\ProyectoVehiculos\ProyectoReformasVehiculos\reformas-app\projects\reformas-test\src\app\app.html", "HTML", 0, 0, 0, 0, 0, 0, 298, 0, 15, 30, 343
"c:\ProyectoVehiculos\ProyectoReformasVehiculos\reformas-app\projects\reformas-test\src\app\app.routes.ts", "TypeScript", 0, 0, 0, 0, 20, 0, 0, 0, 0, 2, 22
"c:\ProyectoVehiculos\ProyectoReformasVehiculos\reformas-app\projects\reformas-test\src\app\app.spec.ts", "TypeScript", 0, 0, 0, 0, 20, 0, 0, 0, 0, 4, 24
"c:\ProyectoVehiculos\ProyectoReformasVehiculos\reformas-app\projects\reformas-test\src\app\app.ts", "TypeScript", 0, 0, 0, 0, 10, 0, 0, 0, 0, 2, 12
"c:\ProyectoVehiculos\ProyectoReformasVehiculos\reformas-app\projects\reformas-test\src\app\formulario-taller\gestionar-taller.component.css", "PostCSS", 0, 0, 0, 0, 0, 0, 0, 0, 0, 1, 1
"c:\ProyectoVehiculos\ProyectoReformasVehiculos\reformas-app\projects\reformas-test\src\app\formulario-taller\gestionar-taller.component.html", "HTML", 0, 0, 0, 0, 0, 0, 158, 0, 3, 5, 166
"c:\ProyectoVehiculos\ProyectoReformasVehiculos\reformas-app\projects\reformas-test\src\app\formulario-taller\gestionar-taller.component.spec.ts", "TypeScript", 0, 0, 0, 0, 18, 0, 0, 0, 0, 6, 24
"c:\ProyectoVehiculos\ProyectoReformasVehiculos\reformas-app\projects\reformas-test\src\app\formulario-taller\gestionar-taller.component.ts", "TypeScript", 0, 0, 0, 0, 191, 0, 0, 0, 0, 25, 216
"c:\ProyectoVehiculos\ProyectoReformasVehiculos\reformas-app\projects\reformas-test\src\app\generador-documentos\generador-documentos.component.css", "PostCSS", 0, 0, 0, 0, 0, 0, 0, 0, 0, 1, 1
"c:\ProyectoVehiculos\ProyectoReformasVehiculos\reformas-app\projects\reformas-test\src\app\generador-documentos\generador-documentos.component.html", "HTML", 0, 0, 0, 0, 0, 0, 210, 0, 7, 15, 232
"c:\ProyectoVehiculos\ProyectoReformasVehiculos\reformas-app\projects\reformas-test\src\app\generador-documentos\generador-documentos.component.spec.ts", "TypeScript", 0, 0, 0, 0, 18, 0, 0, 0, 0, 6, 24
"c:\ProyectoVehiculos\ProyectoReformasVehiculos\reformas-app\projects\reformas-test\src\app\generador-documentos\generador-documentos.component.ts", "TypeScript", 0, 0, 0, 0, 155, 0, 0, 0, 1, 27, 183
"c:\ProyectoVehiculos\ProyectoReformasVehiculos\reformas-app\projects\reformas-test\src\app\generadores\certificado-final-obra.ts", "TypeScript", 0, 0, 0, 0, 1127, 0, 0, 0, 28, 71, 1226
"c:\ProyectoVehiculos\ProyectoReformasVehiculos\reformas-app\projects\reformas-test\src\app\generadores\certificado-taller.ts", "TypeScript", 0, 0, 0, 0, 183, 0, 0, 0, 2, 18, 203
"c:\ProyectoVehiculos\ProyectoReformasVehiculos\reformas-app\projects\reformas-test\src\app\generadores\declaracion-responsable.ts", "TypeScript", 0, 0, 0, 0, 236, 0, 0, 0, 39, 42, 317
"c:\ProyectoVehiculos\ProyectoReformasVehiculos\reformas-app\projects\reformas-test\src\app\generadores\memoria-tecnica.ts", "TypeScript", 0, 0, 0, 0, 3245, 0, 0, 0, 71, 117, 3433
"c:\ProyectoVehiculos\ProyectoReformasVehiculos\reformas-app\projects\reformas-test\src\app\generadores\proyecto-word.ts", "TypeScript", 0, 0, 0, 0, 4701, 0, 0, 0, 93, 189, 4983
"c:\ProyectoVehiculos\ProyectoReformasVehiculos\reformas-app\projects\reformas-test\src\app\gestionar-ingeniero\gestionar-ingeniero.component.css", "PostCSS", 0, 0, 0, 0, 0, 0, 0, 0, 0, 1, 1
"c:\ProyectoVehiculos\ProyectoReformasVehiculos\reformas-app\projects\reformas-test\src\app\gestionar-ingeniero\gestionar-ingeniero.component.html", "HTML", 0, 0, 0, 0, 0, 0, 159, 0, 3, 5, 167
"c:\ProyectoVehiculos\ProyectoReformasVehiculos\reformas-app\projects\reformas-test\src\app\gestionar-ingeniero\gestionar-ingeniero.component.spec.ts", "TypeScript", 0, 0, 0, 0, 18, 0, 0, 0, 0, 6, 24
"c:\ProyectoVehiculos\ProyectoReformasVehiculos\reformas-app\projects\reformas-test\src\app\gestionar-ingeniero\gestionar-ingeniero.component.ts", "TypeScript", 0, 0, 0, 0, 216, 0, 0, 0, 0, 26, 242
"c:\ProyectoVehiculos\ProyectoReformasVehiculos\reformas-app\projects\reformas-test\src\app\interfaces\modificacion.ts", "TypeScript", 0, 0, 0, 0, 478, 0, 0, 0, 0, 17, 495
"c:\ProyectoVehiculos\ProyectoReformasVehiculos\reformas-app\projects\reformas-test\src\app\pages\canva\canva.component.css", "PostCSS", 0, 0, 0, 0, 0, 0, 0, 0, 0, 1, 1
"c:\ProyectoVehiculos\ProyectoReformasVehiculos\reformas-app\projects\reformas-test\src\app\pages\canva\canva.component.html", "HTML", 0, 0, 0, 0, 0, 0, 119, 0, 4, 5, 128
"c:\ProyectoVehiculos\ProyectoReformasVehiculos\reformas-app\projects\reformas-test\src\app\pages\canva\canva.component.spec.ts", "TypeScript", 0, 0, 0, 0, 18, 0, 0, 0, 0, 6, 24
"c:\ProyectoVehiculos\ProyectoReformasVehiculos\reformas-app\projects\reformas-test\src\app\pages\canva\canva.component.ts", "TypeScript", 0, 0, 0, 0, 295, 0, 0, 0, 26, 54, 375
"c:\ProyectoVehiculos\ProyectoReformasVehiculos\reformas-app\projects\reformas-test\src\app\pages\cocheono\cocheono.component.css", "PostCSS", 0, 0, 0, 0, 0, 0, 0, 0, 0, 1, 1
"c:\ProyectoVehiculos\ProyectoReformasVehiculos\reformas-app\projects\reformas-test\src\app\pages\cocheono\cocheono.component.html", "HTML", 0, 0, 0, 0, 0, 0, 90, 0, 1, 8, 99
"c:\ProyectoVehiculos\ProyectoReformasVehiculos\reformas-app\projects\reformas-test\src\app\pages\cocheono\cocheono.component.spec.ts", "TypeScript", 0, 0, 0, 0, 18, 0, 0, 0, 0, 6, 24
"c:\ProyectoVehiculos\ProyectoReformasVehiculos\reformas-app\projects\reformas-test\src\app\pages\cocheono\cocheono.component.ts", "TypeScript", 0, 0, 0, 0, 68, 0, 0, 0, 13, 16, 97
"c:\ProyectoVehiculos\ProyectoReformasVehiculos\reformas-app\projects\reformas-test\src\app\pages\crear-reforma\crear-reforma.component.css", "PostCSS", 0, 0, 0, 0, 0, 0, 0, 0, 0, 1, 1
"c:\ProyectoVehiculos\ProyectoReformasVehiculos\reformas-app\projects\reformas-test\src\app\pages\crear-reforma\crear-reforma.component.html", "HTML", 0, 0, 0, 0, 0, 0, 99, 0, 2, 4, 105
"c:\ProyectoVehiculos\ProyectoReformasVehiculos\reformas-app\projects\reformas-test\src\app\pages\crear-reforma\crear-reforma.component.spec.ts", "TypeScript", 0, 0, 0, 0, 18, 0, 0, 0, 0, 6, 24
"c:\ProyectoVehiculos\ProyectoReformasVehiculos\reformas-app\projects\reformas-test\src\app\pages\crear-reforma\crear-reforma.component.ts", "TypeScript", 0, 0, 0, 0, 739, 0, 0, 0, 47, 100, 886
"c:\ProyectoVehiculos\ProyectoReformasVehiculos\reformas-app\projects\reformas-test\src\app\pages\editar-reforma\editar-reforma.component.css", "PostCSS", 0, 0, 0, 0, 0, 0, 0, 0, 0, 1, 1
"c:\ProyectoVehiculos\ProyectoReformasVehiculos\reformas-app\projects\reformas-test\src\app\pages\editar-reforma\editar-reforma.component.html", "HTML", 0, 0, 0, 0, 0, 0, 119, 0, 3, 7, 129
"c:\ProyectoVehiculos\ProyectoReformasVehiculos\reformas-app\projects\reformas-test\src\app\pages\editar-reforma\editar-reforma.component.spec.ts", "TypeScript", 0, 0, 0, 0, 18, 0, 0, 0, 0, 6, 24
"c:\ProyectoVehiculos\ProyectoReformasVehiculos\reformas-app\projects\reformas-test\src\app\pages\editar-reforma\editar-reforma.component.ts", "TypeScript", 0, 0, 0, 0, 109, 0, 0, 0, 3, 20, 132
"c:\ProyectoVehiculos\ProyectoReformasVehiculos\reformas-app\projects\reformas-test\src\app\pages\formulario-proyecto\formulario-proyecto.component.css", "PostCSS", 0, 0, 0, 0, 0, 0, 0, 0, 0, 1, 1
"c:\ProyectoVehiculos\ProyectoReformasVehiculos\reformas-app\projects\reformas-test\src\app\pages\formulario-proyecto\formulario-proyecto.component.html", "HTML", 0, 0, 0, 0, 0, 0, 556, 0, 7, 28, 591
"c:\ProyectoVehiculos\ProyectoReformasVehiculos\reformas-app\projects\reformas-test\src\app\pages\formulario-proyecto\formulario-proyecto.component.spec.ts", "TypeScript", 0, 0, 0, 0, 18, 0, 0, 0, 0, 6, 24
"c:\ProyectoVehiculos\ProyectoReformasVehiculos\reformas-app\projects\reformas-test\src\app\pages\formulario-proyecto\formulario-proyecto.component.ts", "TypeScript", 0, 0, 0, 0, 360, 0, 0, 0, 5, 49, 414
"c:\ProyectoVehiculos\ProyectoReformasVehiculos\reformas-app\projects\reformas-test\src\app\pages\home\home.component.css", "PostCSS", 0, 0, 0, 0, 0, 0, 0, 0, 0, 1, 1
"c:\ProyectoVehiculos\ProyectoReformasVehiculos\reformas-app\projects\reformas-test\src\app\pages\home\home.component.html", "HTML", 0, 0, 0, 0, 0, 0, 5, 0, 0, 1, 6
"c:\ProyectoVehiculos\ProyectoReformasVehiculos\reformas-app\projects\reformas-test\src\app\pages\home\home.component.spec.ts", "TypeScript", 0, 0, 0, 0, 18, 0, 0, 0, 0, 6, 24
"c:\ProyectoVehiculos\ProyectoReformasVehiculos\reformas-app\projects\reformas-test\src\app\pages\home\home.component.ts", "TypeScript", 0, 0, 0, 0, 8, 0, 0, 0, 0, 3, 11
"c:\ProyectoVehiculos\ProyectoReformasVehiculos\reformas-app\projects\reformas-test\src\app\pages\imagenes\imagenes.component.css", "PostCSS", 0, 0, 0, 27, 0, 0, 0, 0, 4, 4, 35
"c:\ProyectoVehiculos\ProyectoReformasVehiculos\reformas-app\projects\reformas-test\src\app\pages\imagenes\imagenes.component.html", "HTML", 0, 0, 0, 0, 0, 0, 133, 0, 5, 10, 148
"c:\ProyectoVehiculos\ProyectoReformasVehiculos\reformas-app\projects\reformas-test\src\app\pages\imagenes\imagenes.component.spec.ts", "TypeScript", 0, 0, 0, 0, 18, 0, 0, 0, 0, 6, 24
"c:\ProyectoVehiculos\ProyectoReformasVehiculos\reformas-app\projects\reformas-test\src\app\pages\imagenes\imagenes.component.ts", "TypeScript", 0, 0, 0, 0, 243, 0, 0, 0, 6, 34, 283
"c:\ProyectoVehiculos\ProyectoReformasVehiculos\reformas-app\projects\reformas-test\src\app\pages\mostrar-secciones\mostrar-secciones.component.css", "PostCSS", 0, 0, 0, 17, 0, 0, 0, 0, 0, 4, 21
"c:\ProyectoVehiculos\ProyectoReformasVehiculos\reformas-app\projects\reformas-test\src\app\pages\mostrar-secciones\mostrar-secciones.component.html", "HTML", 0, 0, 0, 0, 0, 0, 40, 0, 0, 1, 41
"c:\ProyectoVehiculos\ProyectoReformasVehiculos\reformas-app\projects\reformas-test\src\app\pages\mostrar-secciones\mostrar-secciones.component.spec.ts", "TypeScript", 0, 0, 0, 0, 18, 0, 0, 0, 0, 6, 24
"c:\ProyectoVehiculos\ProyectoReformasVehiculos\reformas-app\projects\reformas-test\src\app\pages\mostrar-secciones\mostrar-secciones.component.ts", "TypeScript", 0, 0, 0, 0, 116, 0, 0, 0, 8, 17, 141
"c:\ProyectoVehiculos\ProyectoReformasVehiculos\reformas-app\projects\reformas-test\src\app\pages\reformas-previas\reformas-previas.component.css", "PostCSS", 0, 0, 0, 42, 0, 0, 0, 0, 0, 8, 50
"c:\ProyectoVehiculos\ProyectoReformasVehiculos\reformas-app\projects\reformas-test\src\app\pages\reformas-previas\reformas-previas.component.html", "HTML", 0, 0, 0, 0, 0, 0, 27, 0, 0, 4, 31
"c:\ProyectoVehiculos\ProyectoReformasVehiculos\reformas-app\projects\reformas-test\src\app\pages\reformas-previas\reformas-previas.component.spec.ts", "TypeScript", 0, 0, 0, 0, 18, 0, 0, 0, 0, 6, 24
"c:\ProyectoVehiculos\ProyectoReformasVehiculos\reformas-app\projects\reformas-test\src\app\pages\reformas-previas\reformas-previas.component.ts", "TypeScript", 0, 0, 0, 0, 26, 0, 0, 0, 1, 6, 33
"c:\ProyectoVehiculos\ProyectoReformasVehiculos\reformas-app\projects\reformas-test\src\app\pages\resumen-modificaciones\resumen-modificaciones.component.css", "PostCSS", 0, 0, 0, 43, 0, 0, 0, 0, 3, 7, 53
"c:\ProyectoVehiculos\ProyectoReformasVehiculos\reformas-app\projects\reformas-test\src\app\pages\resumen-modificaciones\resumen-modificaciones.component.html", "HTML", 0, 0, 0, 0, 0, 0, 8054, 0, 286, 319, 8659
"c:\ProyectoVehiculos\ProyectoReformasVehiculos\reformas-app\projects\reformas-test\src\app\pages\resumen-modificaciones\resumen-modificaciones.component.spec.ts", "TypeScript", 0, 0, 0, 0, 18, 0, 0, 0, 0, 6, 24
"c:\ProyectoVehiculos\ProyectoReformasVehiculos\reformas-app\projects\reformas-test\src\app\pages\resumen-modificaciones\resumen-modificaciones.component.ts", "TypeScript", 0, 0, 0, 0, 475, 0, 0, 0, 5, 71, 551
"c:\ProyectoVehiculos\ProyectoReformasVehiculos\reformas-app\projects\reformas-test\src\app\pages\seleccion-secciones\seleccion-secciones.component.css", "PostCSS", 0, 0, 0, 17, 0, 0, 0, 0, 0, 4, 21
"c:\ProyectoVehiculos\ProyectoReformasVehiculos\reformas-app\projects\reformas-test\src\app\pages\seleccion-secciones\seleccion-secciones.component.html", "HTML", 0, 0, 0, 0, 0, 0, 29, 0, 0, 3, 32
"c:\ProyectoVehiculos\ProyectoReformasVehiculos\reformas-app\projects\reformas-test\src\app\pages\seleccion-secciones\seleccion-secciones.component.spec.ts", "TypeScript", 0, 0, 0, 0, 18, 0, 0, 0, 0, 6, 24
"c:\ProyectoVehiculos\ProyectoReformasVehiculos\reformas-app\projects\reformas-test\src\app\pages\seleccion-secciones\seleccion-secciones.component.ts", "TypeScript", 0, 0, 0, 0, 56, 0, 0, 0, 0, 11, 67
"c:\ProyectoVehiculos\ProyectoReformasVehiculos\reformas-app\projects\reformas-test\src\app\pages\tipo-vehiculo\tipo-vehiculo.component.css", "PostCSS", 0, 0, 0, 0, 0, 0, 0, 0, 0, 1, 1
"c:\ProyectoVehiculos\ProyectoReformasVehiculos\reformas-app\projects\reformas-test\src\app\pages\tipo-vehiculo\tipo-vehiculo.component.html", "HTML", 0, 0, 0, 0, 0, 0, 640, 0, 18, 4, 662
"c:\ProyectoVehiculos\ProyectoReformasVehiculos\reformas-app\projects\reformas-test\src\app\pages\tipo-vehiculo\tipo-vehiculo.component.spec.ts", "TypeScript", 0, 0, 0, 0, 18, 0, 0, 0, 0, 6, 24
"c:\ProyectoVehiculos\ProyectoReformasVehiculos\reformas-app\projects\reformas-test\src\app\pages\tipo-vehiculo\tipo-vehiculo.component.ts", "TypeScript", 0, 0, 0, 0, 612, 0, 0, 0, 31, 78, 721
"c:\ProyectoVehiculos\ProyectoReformasVehiculos\reformas-app\projects\reformas-test\src\app\services\datos-reforma.service.spec.ts", "TypeScript", 0, 0, 0, 0, 12, 0, 0, 0, 0, 5, 17
"c:\ProyectoVehiculos\ProyectoReformasVehiculos\reformas-app\projects\reformas-test\src\app\services\datos-reforma.service.ts", "TypeScript", 0, 0, 0, 0, 14, 0, 0, 0, 0, 5, 19
"c:\ProyectoVehiculos\ProyectoReformasVehiculos\reformas-app\projects\reformas-test\src\app\services\reformas.service.spec.ts", "TypeScript", 0, 0, 0, 0, 12, 0, 0, 0, 0, 5, 17
"c:\ProyectoVehiculos\ProyectoReformasVehiculos\reformas-app\projects\reformas-test\src\app\services\reformas.service.ts", "TypeScript", 0, 0, 0, 0, 7, 0, 0, 0, 0, 3, 10
"c:\ProyectoVehiculos\ProyectoReformasVehiculos\reformas-app\projects\reformas-test\src\assets\codigos_reforma_vehiculo.json", "JSON", 398, 0, 0, 0, 0, 0, 0, 0, 0, 9, 407
"c:\ProyectoVehiculos\ProyectoReformasVehiculos\reformas-app\projects\reformas-test\src\assets\ingeniero.json", "JSON", 20, 0, 0, 0, 0, 0, 0, 0, 0, 1, 21
"c:\ProyectoVehiculos\ProyectoReformasVehiculos\reformas-app\projects\reformas-test\src\assets\opciones_reforma_vehiculos.json", "JSON", 46, 0, 0, 0, 0, 0, 0, 0, 0, 1, 47
"c:\ProyectoVehiculos\ProyectoReformasVehiculos\reformas-app\projects\reformas-test\src\index.html", "HTML", 0, 0, 0, 0, 0, 0, 13, 0, 0, 1, 14
"c:\ProyectoVehiculos\ProyectoReformasVehiculos\reformas-app\projects\reformas-test\src\main.ts", "TypeScript", 0, 0, 0, 0, 11, 0, 0, 0, 0, 4, 15
"c:\ProyectoVehiculos\ProyectoReformasVehiculos\reformas-app\projects\reformas-test\src\styles.css", "PostCSS", 0, 0, 0, 0, 0, 0, 0, 0, 1, 1, 2
"c:\ProyectoVehiculos\ProyectoReformasVehiculos\reformas-app\projects\reformas-test\src\styles.scss", "SCSS", 0, 0, 0, 0, 0, 0, 0, 0, 1, 1, 2
"c:\ProyectoVehiculos\ProyectoReformasVehiculos\reformas-app\projects\reformas-test\tsconfig.app.json", "JSON", 14, 0, 0, 0, 0, 0, 0, 0, 2, 1, 17
"c:\ProyectoVehiculos\ProyectoReformasVehiculos\reformas-app\projects\reformas-test\tsconfig.spec.json", "JSON", 13, 0, 0, 0, 0, 0, 0, 0, 2, 1, 16
"c:\ProyectoVehiculos\ProyectoReformasVehiculos\reformas-app\src\app\Funciones\buildModificacionesParagraphs.ts", "TypeScript", 0, 0, 0, 0, 3195, 0, 0, 0, 313, 603, 4111
"c:\ProyectoVehiculos\ProyectoReformasVehiculos\reformas-app\src\app\Funciones\calculos.ts", "TypeScript", 0, 0, 0, 0, 6717, 0, 0, 0, 174, 390, 7281
"c:\ProyectoVehiculos\ProyectoReformasVehiculos\reformas-app\src\app\app.component.css", "PostCSS", 0, 0, 0, 0, 0, 0, 0, 0, 0, 1, 1
"c:\ProyectoVehiculos\ProyectoReformasVehiculos\reformas-app\src\app\app.component.html", "HTML", 0, 0, 0, 0, 0, 0, 296, 0, 4, 27, 327
"c:\ProyectoVehiculos\ProyectoReformasVehiculos\reformas-app\src\app\app.component.spec.ts", "TypeScript", 0, 0, 0, 0, 25, 0, 0, 0, 0, 5, 30
"c:\ProyectoVehiculos\ProyectoReformasVehiculos\reformas-app\src\app\app.component.ts", "TypeScript", 0, 0, 0, 0, 65, 0, 0, 0, 0, 15, 80
"c:\ProyectoVehiculos\ProyectoReformasVehiculos\reformas-app\src\app\app.config.ts", "TypeScript", 0, 0, 0, 0, 11, 0, 0, 0, 0, 3, 14
"c:\ProyectoVehiculos\ProyectoReformasVehiculos\reformas-app\src\app\app.routes.ts", "TypeScript", 0, 0, 0, 0, 64, 0, 0, 0, 0, 3, 67
"c:\ProyectoVehiculos\ProyectoReformasVehiculos\reformas-app\src\app\auth-proteccion-rutas.guard.spec.ts", "TypeScript", 0, 0, 0, 0, 13, 0, 0, 0, 0, 5, 18
"c:\ProyectoVehiculos\ProyectoReformasVehiculos\reformas-app\src\app\auth-proteccion-rutas.guard.ts", "TypeScript", 0, 0, 0, 0, 20, 0, 0, 0, 0, 3, 23
"c:\ProyectoVehiculos\ProyectoReformasVehiculos\reformas-app\src\app\auth-seguridad-global.service.spec.ts", "TypeScript", 0, 0, 0, 0, 12, 0, 0, 0, 0, 5, 17
"c:\ProyectoVehiculos\ProyectoReformasVehiculos\reformas-app\src\app\auth-seguridad-global.service.ts", "TypeScript", 0, 0, 0, 0, 44, 0, 0, 0, 0, 6, 50
"c:\ProyectoVehiculos\ProyectoReformasVehiculos\reformas-app\src\app\formulario-taller\gestionar-taller.component.css", "PostCSS", 0, 0, 0, 0, 0, 0, 0, 0, 0, 1, 1
"c:\ProyectoVehiculos\ProyectoReformasVehiculos\reformas-app\src\app\formulario-taller\gestionar-taller.component.html", "HTML", 0, 0, 0, 0, 0, 0, 132, 0, 7, 17, 156
"c:\ProyectoVehiculos\ProyectoReformasVehiculos\reformas-app\src\app\formulario-taller\gestionar-taller.component.spec.ts", "TypeScript", 0, 0, 0, 0, 18, 0, 0, 0, 0, 6, 24
"c:\ProyectoVehiculos\ProyectoReformasVehiculos\reformas-app\src\app\formulario-taller\gestionar-taller.component.ts", "TypeScript", 0, 0, 0, 0, 191, 0, 0, 0, 0, 25, 216
"c:\ProyectoVehiculos\ProyectoReformasVehiculos\reformas-app\src\app\generador-documentos\generador-documentos.component.css", "PostCSS", 0, 0, 0, 0, 0, 0, 0, 0, 0, 1, 1
"c:\ProyectoVehiculos\ProyectoReformasVehiculos\reformas-app\src\app\generador-documentos\generador-documentos.component.html", "HTML", 0, 0, 0, 0, 0, 0, 472, 0, 0, 45, 517
"c:\ProyectoVehiculos\ProyectoReformasVehiculos\reformas-app\src\app\generador-documentos\generador-documentos.component.spec.ts", "TypeScript", 0, 0, 0, 0, 18, 0, 0, 0, 0, 6, 24
"c:\ProyectoVehiculos\ProyectoReformasVehiculos\reformas-app\src\app\generador-documentos\generador-documentos.component.ts", "TypeScript", 0, 0, 0, 0, 158, 0, 0, 0, 1, 27, 186
"c:\ProyectoVehiculos\ProyectoReformasVehiculos\reformas-app\src\app\generadores\certificado-final-obra.ts", "TypeScript", 0, 0, 0, 0, 1171, 0, 0, 0, 35, 75, 1281
"c:\ProyectoVehiculos\ProyectoReformasVehiculos\reformas-app\src\app\generadores\certificado-taller.ts", "TypeScript", 0, 0, 0, 0, 237, 0, 0, 0, 3, 19, 259
"c:\ProyectoVehiculos\ProyectoReformasVehiculos\reformas-app\src\app\generadores\declaracion-responsable.ts", "TypeScript", 0, 0, 0, 0, 239, 0, 0, 0, 39, 42, 320
"c:\ProyectoVehiculos\ProyectoReformasVehiculos\reformas-app\src\app\generadores\memoria-tecnica.ts", "TypeScript", 0, 0, 0, 0, 3245, 0, 0, 0, 71, 117, 3433
"c:\ProyectoVehiculos\ProyectoReformasVehiculos\reformas-app\src\app\generadores\proyecto-word.ts", "TypeScript", 0, 0, 0, 0, 5156, 0, 0, 0, 100, 221, 5477
"c:\ProyectoVehiculos\ProyectoReformasVehiculos\reformas-app\src\app\gestionar-arquitectos\gestionar-arquitectos.component.css", "PostCSS", 0, 0, 0, 0, 0, 0, 0, 0, 0, 1, 1
"c:\ProyectoVehiculos\ProyectoReformasVehiculos\reformas-app\src\app\gestionar-arquitectos\gestionar-arquitectos.component.html", "HTML", 0, 0, 0, 0, 0, 0, 138, 0, 8, 20, 166
"c:\ProyectoVehiculos\ProyectoReformasVehiculos\reformas-app\src\app\gestionar-arquitectos\gestionar-arquitectos.component.spec.ts", "TypeScript", 0, 0, 0, 0, 18, 0, 0, 0, 0, 6, 24
"c:\ProyectoVehiculos\ProyectoReformasVehiculos\reformas-app\src\app\gestionar-arquitectos\gestionar-arquitectos.component.ts", "TypeScript", 0, 0, 0, 0, 199, 0, 0, 0, 0, 26, 225
"c:\ProyectoVehiculos\ProyectoReformasVehiculos\reformas-app\src\app\gestionar-ingeniero\gestionar-ingeniero.component.css", "PostCSS", 0, 0, 0, 0, 0, 0, 0, 0, 0, 1, 1
"c:\ProyectoVehiculos\ProyectoReformasVehiculos\reformas-app\src\app\gestionar-ingeniero\gestionar-ingeniero.component.html", "HTML", 0, 0, 0, 0, 0, 0, 139, 0, 8, 20, 167
"c:\ProyectoVehiculos\ProyectoReformasVehiculos\reformas-app\src\app\gestionar-ingeniero\gestionar-ingeniero.component.spec.ts", "TypeScript", 0, 0, 0, 0, 18, 0, 0, 0, 0, 6, 24
"c:\ProyectoVehiculos\ProyectoReformasVehiculos\reformas-app\src\app\gestionar-ingeniero\gestionar-ingeniero.component.ts", "TypeScript", 0, 0, 0, 0, 216, 0, 0, 0, 0, 26, 242
"c:\ProyectoVehiculos\ProyectoReformasVehiculos\reformas-app\src\app\interfaces\modificacion.ts", "TypeScript", 0, 0, 0, 0, 803, 0, 0, 0, 0, 83, 886
"c:\ProyectoVehiculos\ProyectoReformasVehiculos\reformas-app\src\app\pagesVivienda\funciones\documento.service.ts", "TypeScript", 0, 0, 0, 0, 5593, 0, 0, 0, 259, 297, 6149
"c:\ProyectoVehiculos\ProyectoReformasVehiculos\reformas-app\src\app\pagesVivienda\gestor-documentacion\gestor-documentacion.component.css", "PostCSS", 0, 0, 0, 0, 0, 0, 0, 0, 0, 1, 1
"c:\ProyectoVehiculos\ProyectoReformasVehiculos\reformas-app\src\app\pagesVivienda\gestor-documentacion\gestor-documentacion.component.html", "HTML", 0, 0, 0, 0, 0, 0, 1771, 0, 0, 74, 1845
"c:\ProyectoVehiculos\ProyectoReformasVehiculos\reformas-app\src\app\pagesVivienda\gestor-documentacion\gestor-documentacion.component.spec.ts", "TypeScript", 0, 0, 0, 0, 18, 0, 0, 0, 0, 6, 24
"c:\ProyectoVehiculos\ProyectoReformasVehiculos\reformas-app\src\app\pagesVivienda\gestor-documentacion\gestor-documentacion.component.ts", "TypeScript", 0, 0, 0, 0, 612, 0, 0, 0, 0, 62, 674
"c:\ProyectoVehiculos\ProyectoReformasVehiculos\reformas-app\src\app\pagesVivienda\gestor-trello\gestor-trello.component.css", "PostCSS", 0, 0, 0, 0, 0, 0, 0, 0, 0, 1, 1
"c:\ProyectoVehiculos\ProyectoReformasVehiculos\reformas-app\src\app\pagesVivienda\gestor-trello\gestor-trello.component.html", "HTML", 0, 0, 0, 0, 0, 0, 790, 0, 0, 42, 832
"c:\ProyectoVehiculos\ProyectoReformasVehiculos\reformas-app\src\app\pagesVivienda\gestor-trello\gestor-trello.component.spec.ts", "TypeScript", 0, 0, 0, 0, 18, 0, 0, 0, 0, 6, 24
"c:\ProyectoVehiculos\ProyectoReformasVehiculos\reformas-app\src\app\pagesVivienda\gestor-trello\gestor-trello.component.ts", "TypeScript", 0, 0, 0, 0, 301, 0, 0, 0, 0, 30, 331
"c:\ProyectoVehiculos\ProyectoReformasVehiculos\reformas-app\src\app\pagesVivienda\memoria-tecnica-diseno\memoria-tecnica-diseno.component.css", "PostCSS", 0, 0, 0, 0, 0, 0, 0, 0, 0, 1, 1
"c:\ProyectoVehiculos\ProyectoReformasVehiculos\reformas-app\src\app\pagesVivienda\memoria-tecnica-diseno\memoria-tecnica-diseno.component.html", "HTML", 0, 0, 0, 0, 0, 0, 532, 0, 0, 26, 558
"c:\ProyectoVehiculos\ProyectoReformasVehiculos\reformas-app\src\app\pagesVivienda\memoria-tecnica-diseno\memoria-tecnica-diseno.component.spec.ts", "TypeScript", 0, 0, 0, 0, 18, 0, 0, 0, 0, 6, 24
"c:\ProyectoVehiculos\ProyectoReformasVehiculos\reformas-app\src\app\pagesVivienda\memoria-tecnica-diseno\memoria-tecnica-diseno.component.ts", "TypeScript", 0, 0, 0, 0, 341, 0, 0, 0, 26, 41, 408
"c:\ProyectoVehiculos\ProyectoReformasVehiculos\reformas-app\src\app\pagesVivienda\memorias-lista\memorias-lista.component.css", "PostCSS", 0, 0, 0, 0, 0, 0, 0, 0, 0, 1, 1
"c:\ProyectoVehiculos\ProyectoReformasVehiculos\reformas-app\src\app\pagesVivienda\memorias-lista\memorias-lista.component.html", "HTML", 0, 0, 0, 0, 0, 0, 89, 0, 0, 4, 93
"c:\ProyectoVehiculos\ProyectoReformasVehiculos\reformas-app\src\app\pagesVivienda\memorias-lista\memorias-lista.component.spec.ts", "TypeScript", 0, 0, 0, 0, 18, 0, 0, 0, 0, 6, 24
"c:\ProyectoVehiculos\ProyectoReformasVehiculos\reformas-app\src\app\pagesVivienda\memorias-lista\memorias-lista.component.ts", "TypeScript", 0, 0, 0, 0, 175, 0, 0, 0, 2, 7, 184
"c:\ProyectoVehiculos\ProyectoReformasVehiculos\reformas-app\src\app\pages\admin-gestion-usuarios\admin-gestion-usuarios.component.css", "PostCSS", 0, 0, 0, 0, 0, 0, 0, 0, 0, 1, 1
"c:\ProyectoVehiculos\ProyectoReformasVehiculos\reformas-app\src\app\pages\admin-gestion-usuarios\admin-gestion-usuarios.component.html", "HTML", 0, 0, 0, 0, 0, 0, 138, 0, 0, 11, 149
"c:\ProyectoVehiculos\ProyectoReformasVehiculos\reformas-app\src\app\pages\admin-gestion-usuarios\admin-gestion-usuarios.component.spec.ts", "TypeScript", 0, 0, 0, 0, 18, 0, 0, 0, 0, 6, 24
"c:\ProyectoVehiculos\ProyectoReformasVehiculos\reformas-app\src\app\pages\admin-gestion-usuarios\admin-gestion-usuarios.component.ts", "TypeScript", 0, 0, 0, 0, 72, 0, 0, 0, 0, 9, 81
"c:\ProyectoVehiculos\ProyectoReformasVehiculos\reformas-app\src\app\pages\canva\canva.component.css", "PostCSS", 0, 0, 0, 0, 0, 0, 0, 0, 0, 1, 1
"c:\ProyectoVehiculos\ProyectoReformasVehiculos\reformas-app\src\app\pages\canva\canva.component.html", "HTML", 0, 0, 0, 0, 0, 0, 283, 0, 0, 28, 311
"c:\ProyectoVehiculos\ProyectoReformasVehiculos\reformas-app\src\app\pages\canva\canva.component.spec.ts", "TypeScript", 0, 0, 0, 0, 18, 0, 0, 0, 0, 6, 24
"c:\ProyectoVehiculos\ProyectoReformasVehiculos\reformas-app\src\app\pages\canva\canva.component.ts", "TypeScript", 0, 0, 0, 0, 332, 0, 0, 0, 26, 60, 418
"c:\ProyectoVehiculos\ProyectoReformasVehiculos\reformas-app\src\app\pages\cocheono\cocheono.component.css", "PostCSS", 0, 0, 0, 0, 0, 0, 0, 0, 0, 1, 1
"c:\ProyectoVehiculos\ProyectoReformasVehiculos\reformas-app\src\app\pages\cocheono\cocheono.component.html", "HTML", 0, 0, 0, 0, 0, 0, 228, 0, 7, 27, 262
"c:\ProyectoVehiculos\ProyectoReformasVehiculos\reformas-app\src\app\pages\cocheono\cocheono.component.spec.ts", "TypeScript", 0, 0, 0, 0, 18, 0, 0, 0, 0, 6, 24
"c:\ProyectoVehiculos\ProyectoReformasVehiculos\reformas-app\src\app\pages\cocheono\cocheono.component.ts", "TypeScript", 0, 0, 0, 0, 60, 0, 0, 0, 22, 16, 98
"c:\ProyectoVehiculos\ProyectoReformasVehiculos\reformas-app\src\app\pages\crear-reforma\crear-reforma.component.css", "PostCSS", 0, 0, 0, 0, 0, 0, 0, 0, 0, 1, 1
"c:\ProyectoVehiculos\ProyectoReformasVehiculos\reformas-app\src\app\pages\crear-reforma\crear-reforma.component.html", "HTML", 0, 0, 0, 0, 0, 0, 189, 0, 12, 25, 226
"c:\ProyectoVehiculos\ProyectoReformasVehiculos\reformas-app\src\app\pages\crear-reforma\crear-reforma.component.spec.ts", "TypeScript", 0, 0, 0, 0, 18, 0, 0, 0, 0, 6, 24
"c:\ProyectoVehiculos\ProyectoReformasVehiculos\reformas-app\src\app\pages\crear-reforma\crear-reforma.component.ts", "TypeScript", 0, 0, 0, 0, 951, 0, 0, 0, 38, 108, 1097
"c:\ProyectoVehiculos\ProyectoReformasVehiculos\reformas-app\src\app\pages\editar-reforma\editar-reforma.component.css", "PostCSS", 0, 0, 0, 0, 0, 0, 0, 0, 0, 1, 1
"c:\ProyectoVehiculos\ProyectoReformasVehiculos\reformas-app\src\app\pages\editar-reforma\editar-reforma.component.html", "HTML", 0, 0, 0, 0, 0, 0, 295, 0, 0, 32, 327
"c:\ProyectoVehiculos\ProyectoReformasVehiculos\reformas-app\src\app\pages\editar-reforma\editar-reforma.component.spec.ts", "TypeScript", 0, 0, 0, 0, 18, 0, 0, 0, 0, 6, 24
"c:\ProyectoVehiculos\ProyectoReformasVehiculos\reformas-app\src\app\pages\editar-reforma\editar-reforma.component.ts", "TypeScript", 0, 0, 0, 0, 109, 0, 0, 0, 3, 20, 132
"c:\ProyectoVehiculos\ProyectoReformasVehiculos\reformas-app\src\app\pages\formulario-proyecto\formulario-proyecto.component.css", "PostCSS", 0, 0, 0, 0, 0, 0, 0, 0, 0, 1, 1
"c:\ProyectoVehiculos\ProyectoReformasVehiculos\reformas-app\src\app\pages\formulario-proyecto\formulario-proyecto.component.html", "HTML", 0, 0, 0, 0, 0, 0, 699, 0, 7, 43, 749
"c:\ProyectoVehiculos\ProyectoReformasVehiculos\reformas-app\src\app\pages\formulario-proyecto\formulario-proyecto.component.spec.ts", "TypeScript", 0, 0, 0, 0, 18, 0, 0, 0, 0, 6, 24
"c:\ProyectoVehiculos\ProyectoReformasVehiculos\reformas-app\src\app\pages\formulario-proyecto\formulario-proyecto.component.ts", "TypeScript", 0, 0, 0, 0, 423, 0, 0, 0, 21, 61, 505
"c:\ProyectoVehiculos\ProyectoReformasVehiculos\reformas-app\src\app\pages\home\home.component.css", "PostCSS", 0, 0, 0, 0, 0, 0, 0, 0, 0, 1, 1
"c:\ProyectoVehiculos\ProyectoReformasVehiculos\reformas-app\src\app\pages\home\home.component.html", "HTML", 0, 0, 0, 0, 0, 0, 54, 0, 0, 6, 60
"c:\ProyectoVehiculos\ProyectoReformasVehiculos\reformas-app\src\app\pages\home\home.component.spec.ts", "TypeScript", 0, 0, 0, 0, 18, 0, 0, 0, 0, 6, 24
"c:\ProyectoVehiculos\ProyectoReformasVehiculos\reformas-app\src\app\pages\home\home.component.ts", "TypeScript", 0, 0, 0, 0, 8, 0, 0, 0, 0, 3, 11
"c:\ProyectoVehiculos\ProyectoReformasVehiculos\reformas-app\src\app\pages\imagenes\imagenes.component.css", "PostCSS", 0, 0, 0, 27, 0, 0, 0, 0, 4, 4, 35
"c:\ProyectoVehiculos\ProyectoReformasVehiculos\reformas-app\src\app\pages\imagenes\imagenes.component.html", "HTML", 0, 0, 0, 0, 0, 0, 362, 0, 0, 35, 397
"c:\ProyectoVehiculos\ProyectoReformasVehiculos\reformas-app\src\app\pages\imagenes\imagenes.component.spec.ts", "TypeScript", 0, 0, 0, 0, 18, 0, 0, 0, 0, 6, 24
"c:\ProyectoVehiculos\ProyectoReformasVehiculos\reformas-app\src\app\pages\imagenes\imagenes.component.ts", "TypeScript", 0, 0, 0, 0, 348, 0, 0, 0, 27, 54, 429
"c:\ProyectoVehiculos\ProyectoReformasVehiculos\reformas-app\src\app\pages\login-gestion-usuarios\login-gestion-usuarios.component.css", "PostCSS", 0, 0, 0, 74, 0, 0, 0, 0, 3, 13, 90
"c:\ProyectoVehiculos\ProyectoReformasVehiculos\reformas-app\src\app\pages\login-gestion-usuarios\login-gestion-usuarios.component.html", "HTML", 0, 0, 0, 0, 0, 0, 35, 0, 5, 5, 45
"c:\ProyectoVehiculos\ProyectoReformasVehiculos\reformas-app\src\app\pages\login-gestion-usuarios\login-gestion-usuarios.component.spec.ts", "TypeScript", 0, 0, 0, 0, 18, 0, 0, 0, 0, 6, 24
"c:\ProyectoVehiculos\ProyectoReformasVehiculos\reformas-app\src\app\pages\login-gestion-usuarios\login-gestion-usuarios.component.ts", "TypeScript", 0, 0, 0, 0, 46, 0, 0, 0, 0, 5, 51
"c:\ProyectoVehiculos\ProyectoReformasVehiculos\reformas-app\src\app\pages\mostrar-secciones\mostrar-secciones.component.css", "PostCSS", 0, 0, 0, 17, 0, 0, 0, 0, 0, 4, 21
"c:\ProyectoVehiculos\ProyectoReformasVehiculos\reformas-app\src\app\pages\mostrar-secciones\mostrar-secciones.component.html", "HTML", 0, 0, 0, 0, 0, 0, 158, 0, 0, 20, 178
"c:\ProyectoVehiculos\ProyectoReformasVehiculos\reformas-app\src\app\pages\mostrar-secciones\mostrar-secciones.component.spec.ts", "TypeScript", 0, 0, 0, 0, 18, 0, 0, 0, 0, 6, 24
"c:\ProyectoVehiculos\ProyectoReformasVehiculos\reformas-app\src\app\pages\mostrar-secciones\mostrar-secciones.component.ts", "TypeScript", 0, 0, 0, 0, 125, 0, 0, 0, 8, 17, 150
"c:\ProyectoVehiculos\ProyectoReformasVehiculos\reformas-app\src\app\pages\reformas-previas\reformas-previas.component.css", "PostCSS", 0, 0, 0, 42, 0, 0, 0, 0, 0, 8, 50
"c:\ProyectoVehiculos\ProyectoReformasVehiculos\reformas-app\src\app\pages\reformas-previas\reformas-previas.component.html", "HTML", 0, 0, 0, 0, 0, 0, 137, 0, 0, 18, 155
"c:\ProyectoVehiculos\ProyectoReformasVehiculos\reformas-app\src\app\pages\reformas-previas\reformas-previas.component.spec.ts", "TypeScript", 0, 0, 0, 0, 18, 0, 0, 0, 0, 6, 24
"c:\ProyectoVehiculos\ProyectoReformasVehiculos\reformas-app\src\app\pages\reformas-previas\reformas-previas.component.ts", "TypeScript", 0, 0, 0, 0, 29, 0, 0, 0, 1, 7, 37
"c:\ProyectoVehiculos\ProyectoReformasVehiculos\reformas-app\src\app\pages\resumen-modificaciones\resumen-modificaciones.component.css", "PostCSS", 0, 0, 0, 43, 0, 0, 0, 0, 3, 7, 53
"c:\ProyectoVehiculos\ProyectoReformasVehiculos\reformas-app\src\app\pages\resumen-modificaciones\resumen-modificaciones.component.html", "HTML", 0, 0, 0, 0, 0, 0, 18020, 0, 52, 622, 18694
"c:\ProyectoVehiculos\ProyectoReformasVehiculos\reformas-app\src\app\pages\resumen-modificaciones\resumen-modificaciones.component.spec.ts", "TypeScript", 0, 0, 0, 0, 18, 0, 0, 0, 0, 6, 24
"c:\ProyectoVehiculos\ProyectoReformasVehiculos\reformas-app\src\app\pages\resumen-modificaciones\resumen-modificaciones.component.ts", "TypeScript", 0, 0, 0, 0, 465, 0, 0, 0, 18, 38, 521
"c:\ProyectoVehiculos\ProyectoReformasVehiculos\reformas-app\src\app\pages\seleccion-secciones\seleccion-secciones.component.css", "PostCSS", 0, 0, 0, 17, 0, 0, 0, 0, 0, 4, 21
"c:\ProyectoVehiculos\ProyectoReformasVehiculos\reformas-app\src\app\pages\seleccion-secciones\seleccion-secciones.component.html", "HTML", 0, 0, 0, 0, 0, 0, 156, 0, 0, 21, 177
"c:\ProyectoVehiculos\ProyectoReformasVehiculos\reformas-app\src\app\pages\seleccion-secciones\seleccion-secciones.component.spec.ts", "TypeScript", 0, 0, 0, 0, 18, 0, 0, 0, 0, 6, 24
"c:\ProyectoVehiculos\ProyectoReformasVehiculos\reformas-app\src\app\pages\seleccion-secciones\seleccion-secciones.component.ts", "TypeScript", 0, 0, 0, 0, 76, 0, 0, 0, 9, 13, 98
"c:\ProyectoVehiculos\ProyectoReformasVehiculos\reformas-app\src\app\pages\tipo-vehiculo\tipo-vehiculo.component.css", "PostCSS", 0, 0, 0, 0, 0, 0, 0, 0, 0, 1, 1
"c:\ProyectoVehiculos\ProyectoReformasVehiculos\reformas-app\src\app\pages\tipo-vehiculo\tipo-vehiculo.component.html", "HTML", 0, 0, 0, 0, 0, 0, 997, 0, 0, 34, 1031
"c:\ProyectoVehiculos\ProyectoReformasVehiculos\reformas-app\src\app\pages\tipo-vehiculo\tipo-vehiculo.component.spec.ts", "TypeScript", 0, 0, 0, 0, 18, 0, 0, 0, 0, 6, 24
"c:\ProyectoVehiculos\ProyectoReformasVehiculos\reformas-app\src\app\pages\tipo-vehiculo\tipo-vehiculo.component.ts", "TypeScript", 0, 0, 0, 0, 1273, 0, 0, 0, 43, 95, 1411
"c:\ProyectoVehiculos\ProyectoReformasVehiculos\reformas-app\src\app\services\datos-reforma.service.spec.ts", "TypeScript", 0, 0, 0, 0, 12, 0, 0, 0, 0, 5, 17
"c:\ProyectoVehiculos\ProyectoReformasVehiculos\reformas-app\src\app\services\datos-reforma.service.ts", "TypeScript", 0, 0, 0, 0, 14, 0, 0, 0, 0, 5, 19
"c:\ProyectoVehiculos\ProyectoReformasVehiculos\reformas-app\src\app\services\reformas.service.spec.ts", "TypeScript", 0, 0, 0, 0, 12, 0, 0, 0, 0, 5, 17
"c:\ProyectoVehiculos\ProyectoReformasVehiculos\reformas-app\src\app\services\reformas.service.ts", "TypeScript", 0, 0, 0, 0, 7, 0, 0, 0, 0, 3, 10
"c:\ProyectoVehiculos\ProyectoReformasVehiculos\reformas-app\src\assets\codigos_reforma_vehiculo.json", "JSON", 398, 0, 0, 0, 0, 0, 0, 0, 0, 9, 407
"c:\ProyectoVehiculos\ProyectoReformasVehiculos\reformas-app\src\assets\ingeniero.json", "JSON", 20, 0, 0, 0, 0, 0, 0, 0, 0, 1, 21
"c:\ProyectoVehiculos\ProyectoReformasVehiculos\reformas-app\src\assets\opciones_reforma_vehiculos.json", "JSON", 46, 0, 0, 0, 0, 0, 0, 0, 0, 1, 47
"c:\ProyectoVehiculos\ProyectoReformasVehiculos\reformas-app\src\index.html", "HTML", 0, 0, 0, 0, 0, 0, 13, 0, 0, 1, 14
"c:\ProyectoVehiculos\ProyectoReformasVehiculos\reformas-app\src\main.ts", "TypeScript", 0, 0, 0, 0, 20, 0, 0, 0, 0, 5, 25
"c:\ProyectoVehiculos\ProyectoReformasVehiculos\reformas-app\src\styles.css", "PostCSS", 0, 0, 0, 0, 0, 0, 0, 0, 1, 1, 2
"c:\ProyectoVehiculos\ProyectoReformasVehiculos\reformas-app\tsconfig.app.json", "JSON", 15, 0, 0, 0, 0, 0, 0, 0, 2, 1, 18
"c:\ProyectoVehiculos\ProyectoReformasVehiculos\reformas-app\tsconfig.json", "JSON with Comments", 0, 0, 39, 0, 0, 0, 0, 0, 2, 1, 42
"c:\ProyectoVehiculos\ProyectoReformasVehiculos\reformas-app\tsconfig.spec.json", "JSON", 13, 0, 0, 0, 0, 0, 0, 0, 2, 1, 16
"Total", "-", 27099, 37, 39, 436, 61603, 0, 46814, 622, 2843, 7604, 147097